Name,RA,Dec,Con,OT,Mag,Other
LBN 5,250.223400,-17.595900,OPH,BN,nan,
LBN 6,249.217900,-16.600400,OPH,BN,nan,
DG 144,248.463500,-15.770500,OPH,BN,nan,LBN 7
LBN 8,237.665000,-5.983600,LIB,BN,nan,
LBN 9,266.527300,-26.185400,SGR,BN,nan,
LBN 10,238.409800,-4.697200,LIB,BN,nan,
LBN 11,237.657000,-4.050300,LIB,BN,nan,
LBN 12,247.694000,-11.773900,OPH,BN,nan,
LBN 15,237.905800,-3.749300,LIB,BN,nan,
LBN 16,248.191900,-11.271700,OPH,BN,nan,
LBN 18,237.652300,-2.900300,SER,BN,nan,
LBN 19,237.652000,-2.817000,SER,BN,nan,
LBN 20,246.683700,-9.611700,OPH,BN,nan,
LBN 21,247.183800,-9.609500,OPH,BN,nan,
LBN 22,247.183400,-9.526200,OPH,BN,nan,
LBN 23,237.148400,-1.952300,SER,BN,nan,
Messier 8,271.016700,-24.330300,SGR,BN,5.80,NGC 6523
LBN 26,271.266600,-24.329000,SGR,BN,nan,
Messier 20,270.508900,-22.999400,SGR,BN,8.50,NGC 6514
NGC 6559,272.514600,-23.989600,SGR,BN,nan,LBN 28
LBN 30,246.173700,-7.447300,OPH,BN,nan,
IC 4681,272.011500,-23.442100,SGR,BN,nan,LBN 31
LBN 32,248.179500,-8.605000,OPH,BN,nan,
IC 1274,272.763100,-23.738400,SGR,BN,nan,LBN 33
IC 4684,272.261400,-23.440900,SGR,BN,nan,LBN 34
LBN 35,248.931600,-9.018300,OPH,BN,nan,
LBN 36,240.147300,-1.639900,SER,BN,nan,
LBN 39,249.176300,-7.850500,OPH,BN,nan,
LBN 40,272.250300,-21.490900,SGR,BN,nan,
LBN 41,300.787500,-31.359100,SGR,BN,nan,
NGC 6590,274.240400,-19.731200,SGR,BN,nan,LBN 43
LBN 44,241.638900,0.366400,SER,BN,nan,
NGC 6589,274.240000,-19.647900,SGR,BN,nan,LBN 46
IC 1283,274.239100,-19.481200,SGR,BN,nan,LBN 47
LBN 50,271.725800,-16.993400,SGR,BN,nan,
LBN 52,274.980900,-17.977600,SGR,BN,nan,
LBN 53,272.724000,-16.655200,SGR,BN,nan,
LBN 54,300.768100,-27.859200,SGR,BN,nan,
IC 4701,273.973900,-16.649100,SGR,BN,nan,LBN 55
LBN 57,274.470300,-15.980000,SGR,BN,nan,
Messier 17,275.220200,-15.976400,SGR,BN,6.00,NGC 6618
LBN 61,273.212600,-14.486100,SER,BN,nan,
LBN 63,277.719800,-15.964300,SGR,BN,nan,
LBN 66,276.464000,-14.803700,SCT,BN,nan,
Messier 16,274.709100,-13.812200,SER,BN,6.40,LBN 67
LBN 68,274.959500,-13.894300,SER,BN,nan,
LBN 69,278.467100,-15.460700,SCT,BN,nan,
LBN 70,274.954800,-12.977700,SER,BN,nan,
LBN 71,274.702300,-12.478900,SER,BN,nan,
LBN 74,278.198300,-11.762000,SCT,BN,nan,
IC 1287,277.943500,-10.796500,SCT,BN,nan,LBN 75
LBN 76,277.943500,-10.796500,SCT,BN,nan,
LBN 81,278.674100,-6.876300,SCT,BN,nan,
LBN 83,296.457500,-14.877500,SGR,BN,nan,
LBN 87,296.447400,-12.710800,SGR,BN,nan,
DG 146,259.611300,6.115000,OPH,BN,nan,LBN 88
LBN 89,296.445100,-12.210800,SGR,BN,nan,
LBN 95,278.640700,0.040300,SER,BN,nan,
DG 152,277.635900,1.035500,SER,BN,nan,LBN 96
LBN 97,277.885000,1.220000,SER,BN,nan,
DG 153,277.884200,1.370000,SER,BN,nan,LBN 98
LBN 100,296.423400,-7.377600,AQL,BN,nan,
LBN 101,296.416800,-5.877600,AQL,BN,nan,
LBN 104,286.129700,2.409200,AQL,BN,nan,
LBN 106,243.291700,21.707100,HER,BN,nan,
LBN 107,283.612200,6.047400,SER,BN,nan,
LBN 108,300.648900,-1.859400,AQL,BN,nan,
DG 161,303.396600,-1.348100,AQL,BN,nan,LBN 111
LBN 112,311.661800,-5.649500,AQR,BN,nan,
LBN 113,303.394500,-0.848100,AQL,BN,nan,
LBN 114,307.900700,-2.496900,AQL,BN,nan,
LBN 115,306.397000,-1.502700,AQL,BN,nan,
LBN 116,302.892500,-0.350100,AQL,BN,nan,
LBN 117,318.666400,-7.792000,AQR,BN,nan,
LBN 118,313.658100,-4.808900,AQR,BN,nan,
LBN 119,306.894300,-0.834100,AQL,BN,nan,
LBN 120,308.396200,-1.328300,AQL,BN,nan,
LBN 121,309.144200,-0.825500,AQL,BN,nan,
LBN 122,306.387700,0.847300,AQL,BN,nan,
LBN 123,306.886500,1.165900,AQL,BN,nan,
LBN 124,308.141900,-0.212600,AQL,BN,nan,
LBN 125,307.885900,1.336400,AQL,BN,nan,
LBN 126,297.340800,11.459900,AQL,BN,nan,
Cederblad 168,292.556000,18.255500,SGE,BN,nan,LBN 128
DG 159,292.556000,18.272200,SGE,BN,nan,LBN 129
DG 157,291.792700,20.785500,VUL,BN,nan,LBN 130
LBN 132,306.334300,14.163800,DEL,BN,nan,
DG 155,291.282000,22.766500,VUL,BN,nan,LBN 133
Cederblad 167,291.532100,22.767600,VUL,BN,nan,LBN 134
NGC 6823,295.782900,23.286600,VUL,BN,nan,LBN 135
LBN 137,296.523800,25.173200,VUL,BN,nan,
LBN 138,296.523700,25.189900,VUL,BN,nan,
LBN 140,325.623800,6.228900,PEG,BN,nan,
LBN 141,306.809700,19.999000,DEL,BN,nan,
LBN 142,337.099800,20.589200,PEG,BN,nan,
LBN 143,310.321100,18.179100,DEL,BN,nan,
LBN 152,324.354200,12.725400,PEG,BN,nan,
IC 4954,301.257900,29.176700,VUL,BN,nan,LBN 153
LBN 155,300.990500,32.209000,CYG,BN,nan,
LBN 156,299.231700,33.218300,CYG,BN,nan,
LBN 157,327.605700,13.234300,PEG,BN,nan,
LBN 158,299.983000,33.204800,CYG,BN,nan,
LBN 159,300.484200,33.140200,CYG,BN,nan,
LBN 162,301.733200,33.645400,CYG,BN,nan,
LBN 163,302.486400,33.315200,CYG,BN,nan,
LBN 164,300.978900,34.142300,CYG,BN,nan,
LBN 165,295.954800,36.620800,CYG,BN,nan,
LBN 166,301.730200,34.145400,CYG,BN,nan,
LBN 167,313.789700,26.691700,VUL,BN,nan,
Cederblad 173,299.970000,35.304700,CYG,BN,nan,LBN 168
LBN 170,301.476700,34.644400,CYG,BN,nan,
LBN 171,300.219400,35.472500,CYG,BN,nan,
LBN 172,302.480500,34.315200,CYG,BN,nan,
LBN 173,296.451000,37.289700,CYG,BN,nan,
LBN 174,300.972800,35.142300,CYG,BN,nan,
LBN 175,303.485200,33.819300,CYG,BN,nan,
LBN 176,295.947900,37.620800,CYG,BN,nan,
LBN 177,301.223000,35.176700,CYG,BN,nan,
LBN 178,299.714300,36.137000,CYG,BN,nan,
LBN 179,301.973000,35.396400,CYG,BN,nan,
LBN 180,300.965400,36.308900,CYG,BN,nan,
IC 1310,303.478300,34.985900,CYG,BN,nan,LBN 181
LBN 182,302.471300,35.815200,CYG,BN,nan,
LBN 183,300.710600,36.974500,CYG,BN,nan,
LBN 184,297.946600,38.296200,CYG,BN,nan,
LBN 185,305.986900,34.329300,CYG,BN,nan,
LBN 186,297.693300,38.711800,CYG,BN,nan,
LBN 187,301.964000,36.813100,CYG,BN,nan,
LBN 188,344.640800,0.101400,PSC,BN,nan,
LBN 189,301.961900,37.146400,CYG,BN,nan,
LBN 190,300.954400,37.975600,CYG,BN,nan,
NGC 6960,313.017500,31.189000,CYG,BN,7.00,LBN 191
LBN 192,301.454300,38.144300,CYG,BN,nan,
LBN 193,302.458500,37.815100,CYG,BN,nan,
LBN 194,301.201600,38.476600,CYG,BN,nan,
LBN 196,298.185200,39.963900,CYG,BN,nan,
LBN 197,301.452000,38.477600,CYG,BN,nan,
LBN 198,307.231700,35.667500,CYG,BN,nan,
LBN 199,300.192700,39.472400,CYG,BN,nan,
LBN 200,298.433200,40.298300,CYG,BN,nan,
LBN 201,297.427600,40.794000,CYG,BN,nan,
LBN 202,298.935400,40.133800,CYG,BN,nan,
NGC 6888,303.206700,38.318200,CYG,BN,10.00,LBN 203
LBN 204,295.666600,41.786300,CYG,BN,nan,
LBN 205,301.698000,39.145300,CYG,BN,nan,
LBN 206,303.959400,38.154600,CYG,BN,nan,
LBN 207,299.685700,40.303600,CYG,BN,nan,
LBN 208,302.450700,38.981800,CYG,BN,nan,
LBN 209,304.461500,37.989900,CYG,BN,nan,
LBN 210,306.975200,36.666500,CYG,BN,nan,
LBN 211,306.220500,37.163600,CYG,BN,nan,
LBN 212,304.962600,37.991900,CYG,BN,nan,
LBN 213,300.939400,40.142200,CYG,BN,nan,
LBN 214,301.944500,39.729700,CYG,BN,nan,
LBN 215,303.955000,38.821200,CYG,BN,nan,
LBN 216,301.692200,39.978700,CYG,BN,nan,
LBN 217,301.188800,40.309900,CYG,BN,nan,
LBN 218,307.725300,36.919400,CYG,BN,nan,
LBN 219,307.473700,37.085100,CYG,BN,nan,
LBN 220,326.827800,22.398900,PEG,BN,nan,
LBN 221,297.414700,42.460600,CYG,BN,nan,
LBN 222,301.939200,40.479700,CYG,BN,nan,
LBN 223,303.195400,39.984800,CYG,BN,nan,
LBN 224,306.212100,38.496900,CYG,BN,nan,
LBN 225,292.887900,44.607400,CYG,BN,nan,
LBN 226,307.971300,37.670400,CYG,BN,nan,
LBN 227,301.683800,41.145300,CYG,BN,nan,
LBN 228,298.415500,42.631600,CYG,BN,nan,
LBN 229,309.227200,37.175100,CYG,BN,nan,
LBN 230,312.496000,35.187200,CYG,BN,nan,
LBN 232,300.424900,41.973400,CYG,BN,nan,
LBN 233,302.183700,41.314000,CYG,BN,nan,
LBN 235,310.733600,36.680800,CYG,BN,nan,
LBN 236,303.942500,40.654500,CYG,BN,nan,
LBN 237,299.667500,42.720200,CYG,BN,nan,
LBN 238,301.174000,42.309900,CYG,BN,nan,
LBN 239,303.436600,41.319200,CYG,BN,nan,
LBN 240,304.944800,40.658600,CYG,BN,nan,
LBN 241,304.944800,40.658600,CYG,BN,nan,
LBN 242,300.669100,42.807800,CYG,BN,nan,
LBN 243,302.680000,41.982800,CYG,BN,nan,
LBN 244,300.415900,43.140100,CYG,BN,nan,
IC 1318B,306.954100,39.999800,CYG,BN,nan,LBN 245
LBN 246,312.739300,36.521400,CYG,BN,nan,
LBN 247,310.474200,38.179800,CYG,BN,nan,
LBN 248,305.191900,41.159600,CYG,BN,nan,
LBN 249,306.449500,40.497800,CYG,BN,nan,
LBN 250,313.743500,36.191600,CYG,BN,nan,
IC 1318A,304.184700,41.822200,CYG,BN,nan,LBN 251
LBN 252,301.418200,43.144200,CYG,BN,nan,
LBN 253,306.446100,40.997800,CYG,BN,nan,
LBN 255,312.986200,37.188900,CYG,BN,nan,
LBN 256,314.998300,35.862600,CYG,BN,nan,
LBN 257,307.450900,40.668400,CYG,BN,nan,
LBN 258,308.205500,40.254600,CYG,BN,nan,
LBN 259,304.683500,42.157500,CYG,BN,nan,
LBN 260,300.910400,43.975500,CYG,BN,nan,
LBN 261,306.695000,41.248800,CYG,BN,nan,
LBN 262,300.909100,44.142100,CYG,BN,nan,
LBN 263,311.222100,38.849200,CYG,BN,nan,
LBN 264,301.914100,43.813000,CYG,BN,nan,
LBN 265,310.718700,39.180700,CYG,BN,nan,
LBN 266,314.995300,36.446000,CYG,BN,nan,
LBN 267,307.447500,41.168400,CYG,BN,nan,
LBN 268,306.189500,41.863500,CYG,BN,nan,
LBN 269,315.497800,36.197700,CYG,BN,nan,
LBN 270,305.936700,42.162500,CYG,BN,nan,
LBN 271,308.954700,40.674200,CYG,BN,nan,
LBN 272,300.653000,44.807700,CYG,BN,nan,
LBN 273,306.438000,42.164500,CYG,BN,nan,
NGC 6914,306.186200,42.313500,CYG,BN,nan,LBN 274
LBN 275,309.205400,40.675100,CYG,BN,nan,
LBN 276,308.953600,40.840800,CYG,BN,nan,
LBN 277,310.714600,39.847400,CYG,BN,nan,
LBN 278,304.676100,43.157500,CYG,BN,nan,
LBN 279,306.688600,42.165500,CYG,BN,nan,
NGC 6914,306.436400,42.381100,CYG,BN,nan,LBN 280
LBN 281,306.435700,42.481100,CYG,BN,nan,
LBN 282,324.799500,29.560000,CYG,BN,nan,
LBN 283,313.732400,38.191600,CYG,BN,nan,
LBN 284,315.241900,37.196800,CYG,BN,nan,
LBN 285,308.447800,41.505600,CYG,BN,nan,
LBN 286,308.196000,41.671300,CYG,BN,nan,
LBN 288,307.943100,42.003600,CYG,BN,nan,
LBN 289,312.975600,39.022200,CYG,BN,nan,
LBN 290,315.240100,37.530200,CYG,BN,nan,
LBN 291,314.484900,38.110900,CYG,BN,nan,
LBN 292,306.180100,43.163500,CYG,BN,nan,
LBN 293,307.437000,42.668400,CYG,BN,nan,
LBN 294,300.895200,45.808800,CYG,BN,nan,
LBN 295,313.476200,39.157400,CYG,BN,nan,
LBN 296,315.740500,37.698500,CYG,BN,nan,
LBN 297,300.391000,46.140000,CYG,BN,nan,
LBN 298,304.917900,44.325200,CYG,BN,nan,
LBN 299,315.990200,37.866000,CYG,BN,nan,
LBN 300,305.672500,43.994800,CYG,BN,nan,
LBN 301,304.413900,44.656500,CYG,BN,nan,
LBN 302,311.208600,41.015900,CYG,BN,nan,
LBN 303,304.916600,44.491800,CYG,BN,nan,
LBN 304,314.982900,38.695900,CYG,BN,nan,
LBN 305,306.929600,43.499800,CYG,BN,nan,
LBN 306,326.051100,29.896800,CYG,BN,nan,
LBN 307,317.247200,37.203600,CYG,BN,nan,
LBN 308,311.709900,41.017700,CYG,BN,nan,
LBN 309,307.934800,43.170300,CYG,BN,nan,
LBN 310,304.159200,45.155500,CYG,BN,nan,
LBN 311,311.960600,41.018600,CYG,BN,nan,
LBN 312,309.695500,42.343600,CYG,BN,nan,
LBN 313,302.900400,45.817100,CYG,BN,nan,
LBN 314,305.163300,44.992800,CYG,BN,nan,
LBN 315,307.676800,44.169300,CYG,BN,nan,
LBN 316,317.492600,38.204400,CYG,BN,nan,
LBN 317,307.927500,44.170300,CYG,BN,nan,
LBN 318,315.226900,39.863500,CYG,BN,nan,
LBN 319,313.213100,41.189800,CYG,BN,nan,
LBN 320,311.953100,42.185300,CYG,BN,nan,
LBN 321,317.994000,38.206000,CYG,BN,nan,
LBN 322,310.693800,43.014000,CYG,BN,nan,
LBN 323,310.693200,43.097300,CYG,BN,nan,
LBN 324,310.944500,43.014900,CYG,BN,nan,
LBN 325,304.651000,46.324100,CYG,BN,nan,
LBN 326,304.900300,46.491800,CYG,BN,nan,
LBN 327,312.956000,42.188900,CYG,BN,nan,
IC 5068,312.703100,42.521300,CYG,BN,nan,LBN 328
LBN 329,312.198300,43.019500,CYG,BN,nan,
LBN 330,308.673400,45.006500,CYG,BN,nan,
LBN 331,303.385900,47.652400,CYG,BN,nan,
LBN 332,313.706100,42.524900,CYG,BN,nan,
LBN 334,311.942900,43.685300,CYG,BN,nan,
LBN 335,305.648300,46.994800,CYG,BN,nan,
LBN 336,305.396100,47.160500,CYG,BN,nan,
Cederblad 181,308.417500,45.672200,CYG,BN,nan,LBN 337
LBN 338,311.941800,43.851900,CYG,BN,nan,
LBN 339,309.423100,45.342600,CYG,BN,nan,
LBN 340,317.731900,40.288500,CYG,BN,nan,
LBN 341,311.688700,44.184300,CYG,BN,nan,
LBN 342,313.702900,43.024900,CYG,BN,nan,
LBN 343,312.695300,43.688000,CYG,BN,nan,
LBN 344,306.148400,47.163400,CYG,BN,nan,
LBN 345,305.391800,47.660400,CYG,BN,nan,
LBN 346,320.751000,38.381500,CYG,BN,nan,
LBN 348,313.952500,43.192400,CYG,BN,nan,
LBN 349,313.952500,43.192400,CYG,BN,nan,
IC 5070,312.691800,44.188000,CYG,BN,8.00,LBN 350
LBN 351,309.165900,46.175000,CYG,BN,nan,
LBN 352,307.402300,47.168300,CYG,BN,nan,
IC 5067,312.690700,44.354600,CYG,BN,8.00,LBN 353
LBN 354,314.453000,43.360800,CYG,BN,nan,
LBN 355,323.768500,36.557100,CYG,BN,nan,
LBN 356,314.955700,43.195900,CYG,BN,nan,
LBN 358,308.659000,46.839800,CYG,BN,nan,
LBN 359,313.192300,44.356400,CYG,BN,nan,
LBN 360,318.984300,40.542600,CYG,BN,nan,
LBN 361,310.421200,46.013000,CYG,BN,nan,
LBN 362,308.405500,47.172200,CYG,BN,nan,
LBN 363,315.958900,43.199300,CYG,BN,nan,
LBN 364,306.135300,48.663400,CYG,BN,nan,
LBN 365,316.460500,43.201000,CYG,BN,nan,
LBN 366,323.259300,38.222300,CYG,BN,nan,
LBN 367,308.903000,47.674100,CYG,BN,nan,
LBN 368,308.903000,47.674100,CYG,BN,nan,
LBN 369,317.215100,42.870200,CYG,BN,nan,
LBN 370,305.627600,49.328100,CYG,BN,nan,
LBN 371,313.688100,45.191500,CYG,BN,nan,
LBN 372,308.901600,47.840700,CYG,BN,nan,
NGC 7000,315.450800,44.197600,CYG,BN,5.00,LBN 373
LBN 374,324.012400,38.057800,CYG,BN,nan,
LBN 375,309.403200,47.842600,CYG,BN,nan,
LBN 376,309.151000,48.008300,CYG,BN,nan,
LBN 377,306.127700,49.496700,CYG,BN,nan,
LBN 378,314.188600,45.359900,CYG,BN,nan,
LBN 379,307.386400,49.001600,CYG,BN,nan,
LBN 380,309.149600,48.175000,CYG,BN,nan,
LBN 381,308.643600,48.673100,CYG,BN,nan,
LBN 382,307.886600,49.170200,CYG,BN,nan,
LBN 383,318.467200,43.207600,CYG,BN,nan,
LBN 384,314.687900,45.695000,CYG,BN,nan,
LBN 385,315.694900,45.198400,CYG,BN,nan,
LBN 386,307.883600,49.503500,CYG,BN,nan,
LBN 387,314.937600,45.862500,CYG,BN,nan,
LBN 388,312.920700,47.188800,CYG,BN,nan,
LBN 389,318.715000,43.708400,CYG,BN,nan,
LBN 390,318.714000,43.875100,CYG,BN,nan,
LBN 392,317.200100,45.203500,CYG,BN,nan,
LBN 393,318.963800,44.042600,CYG,BN,nan,
IC 5076,313.922700,47.392400,CYG,BN,nan,LBN 394
LBN 395,324.504500,40.059300,CYG,BN,nan,
LBN 396,324.504100,40.142600,CYG,BN,nan,
LBN 397,324.755500,40.026600,CYG,BN,nan,
LBN 398,324.755400,40.060000,CYG,BN,nan,
LBN 399,324.503100,40.359200,CYG,BN,nan,
LBN 400,320.220300,43.713200,CYG,BN,nan,
LBN 401,320.724000,43.381400,CYG,BN,nan,
LBN 402,319.966400,44.212400,CYG,BN,nan,
DG 166,314.418000,48.244100,CYG,BN,nan,LBN 403
LBN 404,320.967000,44.715500,CYG,BN,nan,
LBN 406,251.428600,60.244300,DRA,BN,nan,
LBN 407,323.981100,44.224500,CYG,BN,nan,
DG 170,315.657200,50.198400,CYG,BN,nan,LBN 408
DG 169,315.908900,50.115900,CYG,BN,nan,LBN 409
LBN 410,316.917100,49.619300,CYG,BN,nan,
DG 171,316.412700,49.917600,CYG,BN,nan,LBN 411
LBN 412,315.907800,50.249200,CYG,BN,nan,
LBN 413,252.665700,60.750000,DRA,BN,nan,
LBN 415,251.406000,61.410900,DRA,BN,nan,
LBN 416,322.454000,47.720000,CYG,BN,nan,
LBN 417,321.444100,48.550300,CYG,BN,nan,
LBN 418,344.356400,24.267700,PEG,BN,nan,
LBN 419,348.120300,19.272100,PEG,BN,nan,
LBN 420,331.266600,42.743500,LAC,BN,nan,
LBN 421,323.943700,50.224400,CYG,BN,nan,
Cederblad 184,312.578200,56.771100,CEP,BN,nan,LBN 422
LBN 423,324.445100,50.359200,CYG,BN,nan,
IC 5146,328.483000,47.236700,CYG,BN,nan,LBN 424
LBN 425,333.021400,43.247500,LAC,BN,nan,
LBN 427,347.614100,23.604900,PEG,BN,nan,
LBN 429,337.553800,39.090100,LAC,BN,nan,
LBN 430,337.804700,39.090600,LAC,BN,nan,
LBN 431,347.110700,25.437700,PEG,BN,nan,
LBN 432,335.535400,42.252800,LAC,BN,nan,
LBN 433,339.313000,38.093300,LAC,BN,nan,
LBN 434,355.637000,9.277500,PEG,BN,nan,
LBN 435,340.067000,37.594500,LAC,BN,nan,
DG 187,338.050900,40.591000,LAC,BN,nan,LBN 437
LBN 438,340.317400,37.761600,LAC,BN,nan,
LBN 439,346.354300,28.603500,PEG,BN,nan,
LBN 440,341.071400,37.262900,LAC,BN,nan,
DG 168,315.811100,59.549100,CEP,BN,nan,LBN 441
LBN 442,339.555200,41.093700,LAC,BN,nan,
LBN 444,304.676200,63.824700,DRA,BN,nan,
LBN 445,317.826400,59.289100,CEP,BN,nan,
Cederblad 191,319.343900,58.594000,CEP,BN,nan,LBN 446
LBN 447,303.660100,64.320600,DRA,BN,nan,
LBN 448,340.055700,41.594500,LAC,BN,nan,
Cederblad 190,317.821200,59.705700,CEP,BN,nan,LBN 449
LBN 450,340.555700,42.262000,LAC,BN,nan,
IC 1396B,323.631900,57.473600,CEP,BN,nan,LBN 451
IC 1396A,323.884200,57.391000,CEP,BN,nan,LBN 452
LBN 453,318.821000,60.209000,CEP,BN,nan,
LBN 454,341.812300,41.764000,LAC,BN,nan,
LBN 455,324.887100,57.727100,CEP,BN,nan,
LBN 456,324.881300,58.310500,CEP,BN,nan,
LBN 457,326.141800,58.063900,CEP,BN,nan,
LBN 458,343.570000,41.599900,LAC,BN,nan,
LBN 459,303.839300,67.321500,DRA,BN,nan,
LBN 460,344.323900,41.267600,LAC,BN,nan,
LBN 461,343.315100,43.099600,LAC,BN,nan,
LBN 462,343.818500,42.600300,LAC,BN,nan,
LBN 463,344.574100,41.601300,AND,BN,nan,
LBN 464,292.940900,69.942000,DRA,BN,nan,
LBN 465,290.918200,70.266200,DRA,BN,nan,
LBN 466,352.871200,28.609400,PEG,BN,nan,
LBN 467,350.609500,33.774400,PEG,BN,nan,
LBN 468,310.623700,67.847700,CEP,BN,nan,
LBN 469,294.409500,70.948600,DRA,BN,nan,
LBN 470,351.614300,32.275200,PEG,BN,nan,
LBN 471,334.713200,56.084500,CEP,BN,nan,
DG 174,320.010100,64.879500,CEP,BN,nan,LBN 472
LBN 474,331.927300,58.411800,CEP,BN,nan,
LBN 475,313.911600,67.359400,CEP,BN,nan,
LBN 477,347.084200,41.771000,AND,BN,nan,
LBN 478,346.076300,43.436500,AND,BN,nan,
LBN 479,333.189900,57.914600,CEP,BN,nan,
LBN 480,350.607700,35.274400,AND,BN,nan,
LBN 481,292.369500,71.606200,DRA,BN,nan,
LBN 482,331.160200,59.743300,CEP,BN,nan,
LBN 483,312.883000,68.189200,CEP,BN,nan,
LBN 484,353.873400,29.109900,PEG,BN,nan,
LBN 485,333.181200,58.997900,CEP,BN,nan,
LBN 486,334.189900,58.816800,CEP,BN,nan,
NGC 7023,315.404000,68.197900,CEP,BN,7.10,LBN 487
LBN 488,332.414800,60.246200,CEP,BN,nan,
LBN 489,334.187100,59.166800,CEP,BN,nan,
LBN 491,334.438300,59.250600,CEP,BN,nan,
LBN 493,335.197600,58.752200,CEP,BN,nan,
LBN 494,332.405400,61.246200,CEP,BN,nan,
DG 172,318.929100,68.459600,CEP,BN,nan,LBN 495
DG 180,333.663600,61.415700,CEP,BN,nan,LBN 496
NGC 7129,325.536600,66.062400,CEP,BN,nan,LBN 497
LBN 499,350.850300,41.607900,AND,BN,nan,
LBN 500,333.647000,63.082300,CEP,BN,nan,
LBN 501,339.732900,58.427400,CEP,BN,nan,
LBN 503,352.358500,40.025700,AND,BN,nan,
Cederblad 194,324.236400,68.142200,CEP,BN,nan,LBN 504
LBN 506,341.246800,57.929800,CEP,BN,nan,
LBN 507,352.608700,40.775800,AND,BN,nan,
DG 183,335.667900,62.703200,CEP,BN,nan,LBN 508
LBN 510,337.189800,61.672800,CEP,BN,nan,
NGC 7380,341.750000,58.014000,CEP,BN,nan,LBN 511
LBN 513,342.500600,58.931800,CEP,BN,nan,
LBN 515,325.192300,70.561600,CEP,BN,nan,
LBN 522,341.723600,62.263900,CEP,BN,nan,
DG 186,337.910900,65.457500,CEP,BN,nan,LBN 523
DG 188,343.237300,62.182800,CEP,BN,nan,LBN 524
LBN 525,2.144100,21.111600,PEG,BN,nan,
LBN 526,338.401500,66.758400,CEP,BN,nan,
LBN 527,343.991300,62.600500,CEP,BN,nan,
LBN 528,331.255100,70.910400,CEP,BN,nan,
LBN 530,2.644900,20.611500,PEG,BN,nan,
DG 179,333.292700,70.265000,CEP,BN,nan,LBN 531
LBN 532,337.107200,69.089400,CEP,BN,nan,
LBN 533,348.544100,59.772500,CEP,BN,nan,
DG 191,355.112100,48.777200,AND,BN,nan,LBN 534
LBN 535,330.192900,72.907900,CEP,BN,nan,
LBN 536,348.796200,59.772800,CEP,BN,nan,
LBN 538,335.050300,71.002000,CEP,BN,nan,
LBN 539,338.877700,69.092600,CEP,BN,nan,
LBN 540,349.046300,60.273000,CAS,BN,nan,
DG 177,332.221300,72.879300,CEP,BN,nan,LBN 541
NGC 7538,348.537100,61.489200,CEP,BN,nan,LBN 542
LBN 544,349.549300,60.606800,CAS,BN,nan,
LBN 545,318.598600,77.042400,CEP,BN,nan,
DG 178,332.207900,73.379300,CEP,BN,nan,LBN 546
NGC 7635,350.051400,61.190600,CAS,BN,11.00,LBN 548
LBN 549,350.051400,61.190600,CAS,BN,nan,
LBN 550,314.704600,78.196300,CEP,BN,nan,
LBN 552,314.415200,78.612000,CEP,BN,nan,
LBN 553,324.958100,76.944600,CEP,BN,nan,
LBN 555,314.615500,79.196200,CEP,BN,nan,
LBN 556,5.399500,19.944000,PSC,BN,nan,
LBN 558,335.199500,75.252500,CEP,BN,nan,
LBN 559,359.134000,49.611600,CAS,BN,nan,
LBN 560,359.385400,49.778300,CAS,BN,nan,
LBN 561,359.888300,48.478300,AND,BN,nan,
LBN 562,357.622200,54.944700,CAS,BN,nan,
LBN 563,359.385200,50.695000,CAS,BN,nan,
LBN 564,0.391100,48.611700,AND,BN,nan,
LBN 567,335.086300,78.169000,CEP,BN,nan,
LBN 569,328.032700,80.403100,CEP,BN,nan,
LBN 570,7.402000,18.442900,PSC,BN,nan,
LBN 571,358.374200,60.478200,CAS,BN,nan,
LBN 572,295.937300,83.625200,DRA,BN,nan,
LBN 573,348.445200,73.939100,CEP,BN,nan,
LBN 574,7.902500,17.942600,PSC,BN,nan,
LBN 575,350.476500,74.107600,CEP,BN,nan,
LBN 576,359.634400,62.278300,CAS,BN,nan,
LBN 578,2.659300,58.778100,CAS,BN,nan,
LBN 579,308.210600,85.008900,DRA,BN,nan,
LBN 580,0.138600,67.445000,CEP,BN,nan,
Cederblad 214,0.391500,67.195000,CEP,BN,nan,LBN 581
LBN 582,0.644400,67.278300,CEP,BN,nan,
LBN 583,0.644400,67.278300,CEP,BN,nan,
LBN 584,0.897200,66.945000,CEP,BN,nan,
DG 2,1.654900,65.628200,CAS,BN,nan,LBN 585
LBN 586,0.897400,67.445000,CEP,BN,nan,
LBN 587,0.644700,68.611600,CEP,BN,nan,
LBN 588,1.403000,67.111600,CEP,BN,nan,
NGC 7822,0.897800,68.611600,CEP,BN,nan,LBN 589
DG 3,0.896800,65.611600,CAS,BN,nan,LBN 590
LBN 591,5.180000,59.277300,CAS,BN,nan,
LBN 592,5.184200,61.777300,CAS,BN,nan,
LBN 594,7.190900,56.693000,CAS,BN,nan,
LBN 595,7.442900,56.742900,CAS,BN,nan,
DG 4,8.449100,56.275600,CAS,BN,nan,LBN 599
LBN 600,9.694800,50.274600,CAS,BN,nan,
Cederblad 24,56.286000,32.322700,PER,BN,nan,LBN 601
DG 5,8.748000,69.442000,CAS,BN,nan,LBN 602
LBN 603,10.705000,52.273800,CAS,BN,nan,
LBN 604,10.986400,61.940200,CAS,BN,nan,
LBN 605,11.469100,55.773100,CAS,BN,nan,
LBN 606,342.362500,88.767200,UMI,BN,nan,
LBN 607,11.727800,57.939500,CAS,BN,nan,
LBN 608,12.211600,51.272400,CAS,BN,nan,
LBN 609,12.211000,51.022400,CAS,BN,nan,
DG 7,12.223800,55.605700,CAS,BN,nan,LBN 610
LBN 611,12.229300,57.272400,CAS,BN,nan,
LBN 612,12.461600,50.688800,CAS,BN,nan,
LBN 613,12.461800,50.772100,CAS,BN,nan,
LBN 615,12.981800,56.438300,CAS,BN,nan,
NGC 281,13.234200,56.604700,CAS,BN,nan,LBN 616
LBN 618,13.530400,65.771000,CAS,BN,nan,
LBN 619,13.434000,34.604500,AND,BN,nan,
IC 59,14.261000,61.103500,CAS,BN,nan,LBN 620
DG 6,14.240900,56.486900,CAS,BN,nan,LBN 621
IC 63,14.764400,60.936300,CAS,BN,nan,LBN 622
LBN 624,16.904900,73.516900,CAS,BN,nan,
LBN 625,15.269500,61.102300,CAS,BN,nan,
LBN 626,20.961900,73.260700,CAS,BN,nan,
LBN 627,166.338700,84.230300,CAM,BN,nan,
LBN 628,66.641900,85.952900,CEP,BN,nan,
LBN 629,163.889300,83.733600,CAM,BN,nan,
LBN 631,59.627600,85.147800,CEP,BN,nan,
LBN 632,71.147000,85.098300,CEP,BN,nan,
LBN 634,36.257800,75.392900,CAS,BN,nan,
LBN 635,37.181500,73.056800,CAS,BN,nan,
DG 9,37.434700,73.056100,CAS,BN,nan,LBN 636
LBN 637,26.065800,55.584200,CAS,BN,nan,
LBN 638,26.314100,55.083700,CAS,BN,nan,
LBN 639,18.916900,16.597200,PSC,BN,nan,
LBN 640,27.311700,53.748200,PER,BN,nan,
LBN 641,32.927100,62.568200,CAS,BN,nan,
LBN 642,35.186100,61.895400,CAS,BN,nan,
DG 10,42.872900,68.872500,CAS,BN,nan,LBN 643
LBN 644,20.670500,17.261000,PSC,BN,nan,
IC 1795,36.446400,61.975200,CAS,BN,nan,LBN 645
LBN 646,36.701500,62.224500,CAS,BN,nan,
LBN 647,36.951100,62.057100,CAS,BN,nan,
LBN 648,37.205200,62.223100,CAS,BN,nan,
LBN 649,35.414800,59.928100,CAS,BN,nan,
LBN 650,36.692900,61.557900,CAS,BN,nan,
LBN 651,53.873300,73.166800,CAS,BN,nan,
LBN 652,42.548300,65.540100,CAS,BN,nan,
LBN 653,34.113400,55.398300,PER,BN,nan,
IC 1805,38.451000,61.219400,CAS,BN,nan,LBN 654
LBN 655,38.448900,61.052700,CAS,BN,nan,
LBN 656,38.190900,60.553500,CAS,BN,nan,
LBN 657,38.189900,60.470200,CAS,BN,nan,
LBN 658,40.213000,61.214000,CAS,BN,nan,
LBN 659,39.186500,59.633800,CAS,BN,nan,
LBN 662,41.984100,61.875100,CAS,BN,nan,
LBN 666,35.333600,50.561600,AND,BN,nan,
IC 1848,42.717100,60.289400,CAS,BN,nan,LBN 667
LBN 668,35.332400,50.394900,AND,BN,nan,
LBN 669,42.458000,59.706900,CAS,BN,nan,
LBN 670,42.712800,59.956100,CAS,BN,nan,
LBN 671,35.582500,50.227500,AND,BN,nan,
LBN 672,43.470700,60.203600,CAS,BN,nan,
LBN 673,43.978300,60.535300,CAS,BN,nan,
IC 1871,45.737600,60.429300,CAS,BN,nan,LBN 675
LBN 676,48.761600,60.852000,CAS,BN,nan,
DG 13,51.035000,61.510300,CAM,BN,nan,LBN 678
LBN 679,46.695400,56.692600,PER,BN,nan,
DG 12,48.961700,57.101200,PER,BN,nan,LBN 680
LBN 681,52.516800,59.838000,CAM,BN,nan,
DG 17,52.250900,58.839000,CAM,BN,nan,LBN 682
LBN 683,138.677400,70.792900,UMA,BN,nan,
LBN 684,52.999800,58.502800,CAM,BN,nan,
LBN 686,49.429200,54.049400,PER,BN,nan,
LBN 687,81.805300,67.542800,CAM,BN,nan,
DG 8,31.192900,20.239000,ARI,BN,nan,LBN 688
LBN 690,83.776700,66.533200,CAM,BN,nan,
LBN 691,144.258300,65.775500,UMA,BN,nan,
LBN 692,134.119300,67.058200,UMA,BN,nan,
LBN 693,84.234200,65.030900,CAM,BN,nan,
LBN 694,39.249600,32.050000,TRI,BN,nan,
LBN 695,135.598000,66.636400,UMA,BN,nan,
LBN 696,58.205700,53.315300,CAM,BN,nan,
LBN 697,63.770700,56.875200,CAM,BN,nan,
LBN 698,99.288200,66.958200,CAM,BN,nan,
LBN 699,84.454200,63.863100,CAM,BN,nan,
LBN 700,86.718700,64.352200,CAM,BN,nan,
LBN 702,101.264000,66.282000,CAM,BN,nan,
LBN 703,34.444700,19.230500,ARI,BN,nan,
NGC 1491,60.691700,51.321600,PER,BN,nan,LBN 704
LBN 705,60.942200,51.303800,PER,BN,nan,
LBN 707,35.948400,19.726400,ARI,BN,nan,
LBN 709,60.929900,50.137200,PER,BN,nan,
LBN 710,62.696300,51.213000,PER,BN,nan,
LBN 711,37.199600,19.556100,ARI,BN,nan,
LBN 713,56.363900,44.155900,PER,BN,nan,
LBN 714,56.358700,43.489300,PER,BN,nan,
LBN 715,35.176700,12.895200,ARI,BN,nan,
LBN 716,51.552500,36.841300,PER,BN,nan,
LBN 718,52.810400,37.669800,PER,BN,nan,
LBN 719,52.809900,37.586500,PER,BN,nan,
LBN 720,53.563100,37.833600,PER,BN,nan,
DG 19,53.814700,37.999300,PER,BN,nan,LBN 721
NGC 1624,70.206000,50.429800,PER,BN,nan,LBN 722
LBN 723,121.827300,61.355400,CAM,BN,nan,
LBN 724,60.873600,43.970700,PER,BN,nan,
LBN 725,47.757000,29.688500,ARI,BN,nan,
LBN 726,48.260300,30.186700,ARI,BN,nan,
LBN 727,121.563800,60.523200,CAM,BN,nan,
LBN 728,126.785900,60.335300,UMA,BN,nan,
LBN 729,125.540800,60.256900,UMA,BN,nan,
LBN 730,36.674500,11.724300,ARI,BN,nan,
LBN 732,122.053100,60.021100,CAM,BN,nan,
LBN 733,121.798700,59.688800,CAM,BN,nan,
DG 14,51.523900,31.674700,PER,BN,nan,LBN 734
LBN 736,60.847900,40.637400,PER,BN,nan,
DG 45,72.189400,48.554000,PER,BN,nan,LBN 737
LBN 738,57.063200,36.653000,PER,BN,nan,
LBN 739,76.966600,50.331700,AUR,BN,nan,
LBN 740,51.770400,30.907100,ARI,BN,nan,
NGC 1333,52.273800,31.388500,PER,BN,nan,LBN 741
LBN 742,71.169500,46.758600,PER,BN,nan,
LBN 743,43.960900,20.201600,ARI,BN,nan,
DG 16,52.265800,29.838500,ARI,BN,nan,LBN 746
LBN 748,57.807300,35.483300,PER,BN,nan,
LBN 749,54.782500,32.162100,PER,BN,nan,
LBN 751,85.995900,52.021800,AUR,BN,nan,
LBN 752,60.321500,36.972900,PER,BN,nan,
LBN 753,43.953400,18.201600,ARI,BN,nan,
LBN 755,72.912700,45.750600,AUR,BN,nan,
NGC 1499,60.319300,36.639600,PER,BN,5.00,LBN 756
LBN 757,58.049700,34.148900,PER,BN,nan,
IC 348,56.034500,32.140400,PER,BN,nan,LBN 758
LBN 759,76.422200,46.234200,AUR,BN,nan,
LBN 760,91.748900,52.160600,AUR,BN,nan,
LBN 761,54.766500,29.162100,TAU,BN,nan,
LBN 762,44.950700,17.198200,ARI,BN,nan,
LBN 763,48.214800,19.853500,ARI,BN,nan,
LBN 764,89.718400,49.670400,AUR,BN,nan,
LBN 765,89.710800,49.003700,AUR,BN,nan,
LBN 766,67.823200,35.440200,PER,BN,nan,
NGC 1579,67.823200,35.440200,PER,BN,nan,LBN 767
LBN 770,56.493900,24.155200,TAU,BN,nan,
NGC 1432,56.493900,24.155200,TAU,BN,nan,LBN 771
LBN 772,56.493900,24.155200,TAU,BN,nan,
DG 20,55.735900,22.658200,TAU,BN,nan,LBN 773
LBN 774,58.753200,25.479300,TAU,BN,nan,
LBN 775,60.761600,26.637600,TAU,BN,nan,
LBN 776,58.245900,24.148000,TAU,BN,nan,
DG 26,61.260900,26.385500,TAU,BN,nan,LBN 777
LBN 779,60.253200,25.139700,TAU,BN,nan,
IC 359,64.774900,28.203700,TAU,BN,nan,LBN 782
LBN 783,78.348400,37.391600,AUR,BN,nan,
DG 30,65.527100,28.450400,TAU,BN,nan,LBN 785
IC 360,63.259100,25.626900,TAU,BN,nan,LBN 786
LBN 787,80.843900,36.546300,AUR,BN,nan,
Cederblad 33,66.765200,26.094900,TAU,BN,nan,LBN 788
LBN 789,84.603200,37.528200,AUR,BN,nan,
LBN 790,119.404200,47.198600,LYN,BN,nan,
LBN 791,78.574600,34.057100,AUR,BN,nan,
LBN 792,72.041600,29.787700,TAU,BN,nan,
LBN 793,67.769000,26.607000,TAU,BN,nan,
LBN 794,81.336800,35.543900,AUR,BN,nan,
IC 405,79.327400,34.386900,AUR,BN,10.00,LBN 795
LBN 796,79.575200,34.052300,AUR,BN,nan,
LBN 797,83.842800,36.198600,AUR,BN,nan,
DG 48,74.798700,30.558200,AUR,BN,nan,LBN 798
LBN 799,65.750900,23.616000,TAU,BN,nan,
LBN 800,67.007300,24.610400,TAU,BN,nan,
LBN 801,121.391500,46.356900,LYN,BN,nan,
LBN 803,84.840700,35.860400,AUR,BN,nan,
IC 417,82.078800,34.373700,AUR,BN,nan,LBN 804
DG 42,69.518200,26.182500,TAU,BN,nan,LBN 806
IC 410,80.571100,33.380900,AUR,BN,nan,LBN 807
DG 50,76.801900,30.832100,AUR,BN,nan,LBN 809
NGC 1931,82.828000,34.203400,AUR,BN,nan,LBN 810
LBN 811,119.638700,45.530900,LYN,BN,nan,
DG 37,68.006700,24.322600,TAU,BN,nan,LBN 812
IC 2087,70.016200,25.746900,TAU,BN,nan,LBN 813
Cederblad 34,66.748300,22.944900,TAU,BN,nan,LBN 814
DG 40,69.007000,24.234800,TAU,BN,nan,LBN 815
LBN 816,68.249400,22.938200,TAU,BN,nan,
NGC 1554,65.480300,19.617100,TAU,BN,nan,LBN 817
DG 66,84.804900,30.693800,AUR,BN,nan,LBN 818
LBN 819,66.977200,18.777200,TAU,BN,nan,
LBN 820,42.377900,-3.793300,ERI,BN,nan,
Cederblad 61,91.054500,30.496800,AUR,BN,nan,LBN 823
DG 85,91.052900,30.246800,AUR,BN,nan,LBN 824
LBN 825,91.052400,30.163500,AUR,BN,nan,
DG 84,88.032300,27.011500,TAU,BN,nan,LBN 827
DG 28,63.435000,10.209300,TAU,BN,nan,LBN 828
LBN 829,59.918200,6.640900,TAU,BN,nan,
LBN 831,63.928900,8.790500,TAU,BN,nan,
LBN 832,63.928900,8.790500,TAU,BN,nan,
Messier 1,83.752400,22.032100,TAU,BN,8.40,NGC 1952
LBN 834,63.925900,8.123800,TAU,BN,nan,
LBN 835,59.911200,4.974300,TAU,BN,nan,
LBN 836,60.406400,3.805500,TAU,BN,nan,
LBN 837,85.243300,20.341600,TAU,BN,nan,
IC 444,94.760100,23.278700,GEM,BN,nan,LBN 840
LBN 842,68.172500,7.105000,TAU,BN,nan,
IC 443,94.255600,22.481200,GEM,BN,12.00,LBN 844
DG 101,95.758100,22.973900,GEM,BN,nan,LBN 845
LBN 847,70.174400,7.429300,TAU,BN,nan,
LBN 848,78.703500,13.022900,ORI,BN,nan,
LBN 850,79.455500,13.386000,ORI,BN,nan,
LBN 851,79.455500,13.386000,ORI,BN,nan,
LBN 852,68.417200,5.937300,TAU,BN,nan,
LBN 853,60.140900,0.140000,ERI,BN,nan,
NGC 2175,92.494600,20.489700,ORI,BN,nan,LBN 854
Cederblad 62,91.984700,18.692100,ORI,BN,nan,LBN 855
LBN 856,48.106700,-9.229600,ERI,BN,nan,
LBN 857,80.445700,11.381200,ORI,BN,nan,
IC 2162,93.230900,17.986100,ORI,BN,nan,LBN 859
LBN 861,59.874100,-3.858900,ERI,BN,nan,
LBN 862,92.219500,15.824300,ORI,BN,nan,
LBN 864,92.218600,15.657600,ORI,BN,nan,
Cederblad 54,83.189400,10.034700,ORI,BN,nan,LBN 865
Cederblad 44,80.430900,8.381200,ORI,BN,nan,LBN 866
LBN 870,52.104300,-9.327800,ERI,BN,nan,
LBN 871,79.674700,7.134800,ORI,BN,nan,
LBN 872,79.423900,6.969400,ORI,BN,nan,
LBN 878,86.185400,9.186900,ORI,BN,nan,
Cederblad 59,86.434800,9.052300,ORI,BN,nan,LBN 879
LBN 880,79.913300,4.767000,ORI,BN,nan,
LBN 881,80.664700,5.046800,ORI,BN,nan,
LBN 882,80.163100,4.715800,ORI,BN,nan,
LBN 883,79.410600,4.219400,ORI,BN,nan,
LBN 884,79.910600,4.217000,ORI,BN,nan,
LBN 885,82.664000,4.870500,ORI,BN,nan,
LBN 886,82.663000,4.670500,ORI,BN,nan,
LBN 887,96.699300,11.969200,GEM,BN,nan,
LBN 888,82.159100,3.872900,ORI,BN,nan,
LBN 889,97.700900,12.297700,GEM,BN,nan,
LBN 890,80.654300,2.880100,ORI,BN,nan,
LBN 891,107.970600,16.749100,GEM,BN,nan,
LBN 892,82.657500,3.537200,ORI,BN,nan,
LBN 893,68.118300,-4.894800,ERI,BN,nan,
DG 70,84.660800,4.194200,ORI,BN,nan,LBN 894
LBN 895,97.694200,10.964400,MON,BN,nan,
LBN 896,66.862500,-6.222600,ERI,BN,nan,
LBN 897,67.864500,-5.727000,ERI,BN,nan,
IC 446,97.691600,10.447700,MON,BN,nan,LBN 898
LBN 899,99.193900,10.957200,MON,BN,nan,
LBN 900,68.613900,-5.830400,ERI,BN,nan,
NGC 2247,98.191000,10.345300,MON,BN,nan,LBN 901
LBN 902,99.193100,10.790500,MON,BN,nan,
IC 2169,97.689400,10.014400,MON,BN,nan,LBN 903
NGC 2245,98.190100,10.162000,MON,BN,nan,LBN 904
LBN 905,87.662500,4.513000,ORI,BN,nan,
LBN 906,70.365600,-5.405000,ERI,BN,nan,
LBN 907,78.383600,-1.442400,ORI,BN,nan,
LBN 908,90.164900,5.000800,ORI,BN,nan,
LBN 909,70.112200,-6.153900,ERI,BN,nan,
LBN 910,77.630400,-2.105500,ORI,BN,nan,
NGC 2264,100.188600,9.902400,MON,BN,nan,LBN 911
LBN 912,100.187600,9.702400,MON,BN,nan,
IC 423,83.387300,-0.666400,ORI,BN,nan,LBN 913
DG 59,83.638200,-0.467600,ORI,BN,nan,LBN 914
LBN 915,78.880400,-2.111500,ORI,BN,nan,
NGC 1788,76.624600,-3.350800,ORI,BN,nan,LBN 916
LBN 917,71.863000,-5.911900,ERI,BN,nan,
LBN 918,83.140700,0.034800,ORI,BN,nan,
LBN 919,79.881900,-1.782900,ORI,BN,nan,
NGC 2261,99.682800,8.721500,MON,BN,nan,LBN 920
IC 426,84.138600,-0.386700,ORI,BN,nan,LBN 921
LBN 922,100.183900,8.952400,MON,BN,nan,
LBN 923,76.121900,-3.931700,ERI,BN,nan,
LBN 924,85.137000,-0.724800,ORI,BN,nan,
DG 71,85.137400,-0.641500,ORI,BN,nan,LBN 925
LBN 926,102.938600,9.989300,MON,BN,nan,
DG 73,85.137700,-0.574900,ORI,BN,nan,LBN 927
DG 67,84.639800,-0.139100,ORI,BN,nan,LBN 928
LBN 929,99.429100,7.956000,MON,BN,nan,
LBN 930,98.425900,7.294200,MON,BN,nan,
IC 448,98.425900,7.294200,MON,BN,nan,LBN 931
LBN 932,97.924400,6.963200,MON,BN,nan,
DG 82,86.895500,1.016700,ORI,BN,nan,LBN 933
LBN 934,86.895500,1.016700,ORI,BN,nan,
LBN 935,83.635000,-1.134300,ORI,BN,nan,
LBN 936,98.422700,6.627500,MON,BN,nan,
LBN 937,79.624000,-3.448400,ORI,BN,nan,
NGC 2071,86.891600,0.216700,ORI,BN,8.00,LBN 938
NGC 2064,86.640600,0.017900,ORI,BN,nan,LBN 939
NGC 1990,83.632600,-1.634300,ORI,BN,nan,LBN 940
LBN 941,97.919100,5.879900,MON,BN,nan,
LBN 942,80.122300,-3.784100,ORI,BN,nan,
LBN 943,98.417800,5.627500,MON,BN,nan,
IC 431,85.133100,-1.524800,ORI,BN,nan,LBN 944
LBN 945,78.866800,-4.944800,ORI,BN,nan,
IC 432,85.383000,-1.559400,ORI,BN,nan,LBN 946
LBN 947,101.172400,6.614300,MON,BN,nan,
NGC 2238,98.164600,4.962100,MON,BN,6.00,LBN 948
LBN 949,98.164600,4.962100,MON,BN,nan,
LBN 950,84.379400,-2.304500,ORI,BN,nan,
LBN 951,99.165300,5.123900,MON,BN,nan,
LBN 952,100.166900,5.452500,MON,BN,nan,
IC 434,85.379300,-2.309400,ORI,BN,11.00,LBN 953
NGC 2023,85.379300,-2.309400,ORI,BN,nan,LBN 954
LBN 955,88.635700,-0.991800,ORI,BN,nan,
LBN 957,80.364300,-5.451900,ORI,BN,nan,
LBN 958,84.875300,-3.140300,ORI,BN,nan,
IC 2118,75.602900,-7.929300,ERI,BN,nan,LBN 959
LBN 960,79.861900,-5.949500,ORI,BN,nan,
LBN 961,80.864200,-5.454300,ORI,BN,nan,
LBN 962,85.375300,-3.142700,ORI,BN,nan,
DG 56,83.118900,-4.465100,ORI,BN,nan,LBN 963
LBN 964,80.612700,-5.786400,ORI,BN,nan,
LBN 965,84.872900,-3.640300,ORI,BN,nan,
LBN 966,88.882500,-1.659700,ORI,BN,nan,
LBN 967,84.871300,-3.973600,ORI,BN,nan,
DG 49,75.348200,-8.928200,ERI,BN,nan,LBN 968
LBN 969,81.111000,-6.122200,ORI,BN,nan,
LBN 971,98.653300,2.626400,MON,BN,nan,
LBN 972,98.653300,2.626400,MON,BN,nan,
LBN 973,98.653300,2.626400,MON,BN,nan,
Messier 42,83.864000,-5.468700,ORI,BN,4.00,NGC 1976
LBN 975,74.843400,-9.925800,ERI,BN,nan,
LBN 976,89.376000,-2.995400,ORI,BN,nan,
NGC 1980,84.361500,-5.971200,ORI,BN,nan,LBN 977
NGC 1999,84.107800,-6.736600,ORI,BN,nan,LBN 979
LBN 980,76.588200,-10.934000,LEP,BN,nan,
LBN 981,68.823800,-14.398100,ERI,BN,nan,
LBN 982,88.363800,-5.490600,ORI,BN,nan,
LBN 984,101.142000,0.281100,MON,BN,nan,
LBN 985,89.112200,-5.827500,MON,BN,nan,
LBN 986,101.392000,0.279900,MON,BN,nan,
LBN 987,101.141200,0.114400,MON,BN,nan,
LBN 988,88.108900,-6.489300,ORI,BN,nan,
LBN 989,86.854900,-7.316600,ORI,BN,nan,
DG 91,92.114700,-5.308800,MON,BN,nan,LBN 990
LBN 991,77.830500,-12.439900,LEP,BN,nan,
DG 75,85.094700,-9.391400,ORI,BN,nan,LBN 992
Cederblad 65,92.110300,-6.208800,MON,BN,nan,LBN 993
NGC 2170,91.859400,-6.390900,MON,BN,nan,LBN 994
Cederblad 66,92.109700,-6.342100,MON,BN,nan,LBN 995
NGC 2183,92.610500,-6.177900,MON,BN,nan,LBN 996
NGC 2185,92.610300,-6.211200,MON,BN,nan,LBN 997
NGC 2182,92.359700,-6.343300,MON,BN,nan,LBN 998
DG 92,92.108800,-6.508800,MON,BN,nan,LBN 999
Cederblad 71,92.860700,-6.145700,MON,BN,nan,LBN 1000
LBN 1001,83.087000,-10.965100,LEP,BN,nan,
LBN 1002,84.590100,-10.305600,ORI,BN,nan,
DG 97,93.610100,-6.266000,MON,BN,nan,LBN 1003
DG 98,93.859900,-6.300600,MON,BN,nan,LBN 1004
LBN 1005,82.582000,-11.962600,LEP,BN,nan,
LBN 1006,83.330200,-12.299600,LEP,BN,nan,
LBN 1007,84.832600,-11.806800,LEP,BN,nan,
LBN 1008,91.092700,-9.753900,MON,BN,nan,
LBN 1009,86.079100,-12.479500,LEP,BN,nan,
LBN 1010,85.576600,-12.977100,LEP,BN,nan,
LBN 1011,91.336500,-11.005100,MON,BN,nan,
DG 104,97.593800,-9.635400,MON,BN,nan,LBN 1015
LBN 1016,89.572900,-13.663200,LEP,BN,nan,
LBN 1017,96.339000,-10.562600,MON,BN,nan,
LBN 1018,93.581500,-12.016000,CMA,BN,nan,
LBN 1019,89.570300,-14.163200,LEP,BN,nan,
LBN 1021,104.854100,-7.736600,MON,BN,nan,
DG 113,104.101600,-8.233100,MON,BN,nan,LBN 1022
DG 114,105.098800,-8.854400,MON,BN,nan,LBN 1023
LBN 1024,107.603800,-7.916100,MON,BN,nan,
LBN 1025,91.310700,-16.005000,LEP,BN,nan,
LBN 1026,109.100200,-8.756400,MON,BN,nan,
IC 2177,106.091500,-10.409100,MON,BN,nan,LBN 1027
LBN 1028,109.098600,-9.089700,MON,BN,nan,
LBN 1029,110.352000,-8.428800,MON,BN,nan,
LBN 1031,111.102200,-8.432200,MON,BN,nan,
LBN 1034,107.591100,-10.582800,MON,BN,nan,
LBN 1036,109.091500,-10.589700,MON,BN,nan,
DG 116,106.333500,-12.076900,CMA,BN,nan,LBN 1037
LBN 1038,107.084900,-11.830400,CMA,BN,nan,
Cederblad 90,106.332600,-12.260300,CMA,BN,nan,LBN 1039
IC 468,109.579700,-13.092000,CMA,BN,nan,LBN 1040
NGC 2359,109.579500,-13.125300,CMA,BN,nan,LBN 1041
LBN 1042,106.312000,-16.410200,CMA,BN,nan,
LBN 1043,107.302100,-18.414800,CMA,BN,nan,
LBN 1044,107.552000,-18.466000,CMA,BN,nan,
LBN 1045,111.313300,-16.599900,CMA,BN,nan,
LBN 1054,109.785200,-21.926300,CMA,BN,nan,
LBN 1055,107.527500,-23.082600,CMA,BN,nan,
LBN 1056,106.270300,-24.243400,CMA,BN,nan,
LBN 1057,112.286000,-22.104400,PUP,BN,nan,
Cederblad 96,110.024200,-23.994100,CMA,BN,nan,LBN 1058
LBN 1060,111.772200,-24.602100,CMA,BN,nan,
LBN 1061,113.277100,-23.942200,PUP,BN,nan,
Cederblad 101,114.020500,-25.278800,PUP,BN,nan,LBN 1062
LBN 1063,111.502300,-28.100900,CMA,BN,nan,
LBN 1064,111.246200,-29.099800,CMA,BN,nan,
NGC 2467,118.018300,-26.463000,PUP,BN,nan,LBN 1065
LBN 1066,118.018300,-26.463000,PUP,BN,nan,
LBN 1068,109.483900,-30.841800,CMA,BN,nan,
LBN 1069,147.371700,-7.233700,SEX,BN,nan,
LBN 1070,111.483300,-31.267500,CMA,BN,nan,
LBN 1071,130.053000,-22.344800,PYX,BN,nan,
LBN 1072,116.233800,-32.122000,PUP,BN,nan,
LBN 1073,130.042700,-24.678100,PYX,BN,nan,
LBN 1074,131.046300,-24.181800,PYX,BN,nan,
LBN 1075,131.798100,-24.017900,PYX,BN,nan,
LBN 1076,132.545600,-24.854000,PYX,BN,nan,
LBN 1078,135.043800,-26.196100,PYX,BN,nan,
LBN 1079,132.529000,-28.520600,PYX,BN,nan,
LBN 1080,133.281100,-28.356600,PYX,BN,nan,
LBN 1081,133.532300,-28.190800,PYX,BN,nan,
LBN 1082,136.786100,-28.702000,PYX,BN,nan,
LBN 1083,138.040700,-28.206200,PYX,BN,nan,
LBN 1084,136.777300,-30.702000,PYX,BN,nan,
LBN 1085,141.297700,-28.049800,PYX,BN,nan,
LBN 1086,139.029900,-31.209400,PYX,BN,nan,
LBN 1087,141.291100,-29.716400,PYX,BN,nan,
LBN 1088,142.537800,-31.220200,ANT,BN,nan,
LBN 1089,149.310800,-29.238700,ANT,BN,nan,
LBN 1090,150.303300,-32.241200,ANT,BN,nan,
LBN 1091,229.761600,-29.847900,LIB,BN,nan,
DG 125,238.255300,-25.981400,SCO,BN,nan,LBN 1092
DG 130,240.010000,-26.474100,SCO,BN,nan,LBN 1094
LBN 1095,240.005700,-25.640800,SCO,BN,nan,
IC 4591,243.021500,-27.928000,SCO,BN,nan,LBN 1096
LBN 1097,238.242800,-23.481400,SCO,BN,nan,
LBN 1098,238.742500,-23.312700,SCO,BN,nan,
LBN 1100,247.278200,-28.276000,SCO,BN,nan,
LBN 1102,247.524600,-27.608200,SCO,BN,nan,
LBN 1103,248.278200,-28.104800,SCO,BN,nan,
Cederblad 130,245.261300,-25.618200,SCO,BN,nan,LBN 1104
LBN 1105,245.009300,-25.286000,SCO,BN,nan,
LBN 1106,245.259500,-25.284900,SCO,BN,nan,
IC 4606,247.268700,-26.609300,SCO,BN,nan,LBN 1107
DG 141,247.267800,-26.442700,SCO,BN,nan,LBN 1108
IC 4603,246.506200,-24.446000,OPH,BN,nan,LBN 1109
IC 4605,247.760900,-25.107100,SCO,BN,nan,LBN 1110
IC 4604,246.500900,-23.446000,OPH,BN,nan,LBN 1111
LBN 1112,246.500900,-23.446000,OPH,BN,nan,
IC 4592,243.227200,-19.293700,SCO,BN,nan,LBN 1113
LBN 1114,243.727500,-19.291500,SCO,BN,nan,
Cederblad 129,245.232800,-20.118300,SCO,BN,nan,LBN 1115
LBN 1117,264.066000,-32.364100,SCO,BN,nan,
LBN 1118,252.010500,-24.421100,OPH,BN,nan,
LBN 1119,246.481200,-19.612700,OPH,BN,nan,
LBN 1120,267.310100,-31.348400,SCO,BN,nan,
LBN 1122,235.169000,-7.160300,LIB,BN,nan,
LBN 1123,249.227900,-18.600400,OPH,BN,nan,
Sh 2-1,239.713400,-26.120500,SCO,BN,nan,
Sh 2-2,256.027600,-38.142500,SCO,BN,nan,
Sh 2-3,258.437600,-38.503100,SCO,BN,nan,
Sh 2-4,259.953300,-39.338800,SCO,BN,nan,
Sh 2-5,260.014500,-38.454800,SCO,BN,nan,
Sh 2-6,258.767100,-37.116500,SCO,BN,nan,
Sh 2-7,240.082300,-22.950600,SCO,BN,nan,
Sh 2-8,260.353500,-36.034700,SCO,BN,nan,
Sh 2-9,245.295400,-25.589400,SCO,BN,nan,
Sh 2-10,259.750100,-34.090300,SCO,BN,nan,
Sh 2-11,261.629000,-34.205700,SCO,BN,nan,
Sh 2-12,263.984100,-32.599600,SCO,BN,nan,
Sh 2-13,262.619000,-31.562700,SCO,BN,nan,
Sh 2-14,262.577000,-30.263000,SCO,BN,nan,
Sh 2-15,267.643300,-31.264100,SCO,BN,nan,
Sh 2-16,266.967500,-29.303900,SGR,BN,nan,
Sh 2-17,266.536700,-28.858000,SGR,BN,nan,
Sh 2-18,267.192000,-29.251700,SGR,BN,nan,
Sh 2-19,267.340300,-29.116900,SGR,BN,nan,
Sh 2-20,267.309600,-28.667200,SGR,BN,nan,
Sh 2-21,267.912700,-28.894700,SGR,BN,nan,
Sh 2-22,268.765700,-25.036100,SGR,BN,nan,
Sh 2-23,243.352600,-8.372300,SCO,BN,nan,
Sh 2-24,242.765900,-7.077300,OPH,BN,nan,
Sh 2-25,271.358500,-24.394200,SGR,BN,nan,
Sh 2-26,269.746000,-23.326500,SGR,BN,nan,
Sh 2-27,249.301700,-10.569700,OPH,BN,nan,
Sh 2-28,270.674000,-23.584200,SGR,BN,nan,
Sh 2-29,272.628800,-23.998500,SGR,BN,nan,
Sh 2-30,270.892500,-23.015400,SGR,BN,nan,
Sh 2-31,272.826500,-23.796600,SGR,BN,nan,
Sh 2-32,272.724700,-23.647600,SGR,BN,nan,
Sh 2-33,239.968200,-1.617400,SER,BN,nan,
Sh 2-34,271.602100,-21.658400,SGR,BN,nan,
Sh 2-35,273.961200,-20.252100,SGR,BN,nan,
Sh 2-36,241.376400,0.394500,SER,BN,nan,
Sh 2-37,274.429700,-19.664200,SGR,BN,nan,
Sh 2-38,272.189800,-18.269200,SGR,BN,nan,
Sh 2-39,274.193700,-18.649700,SGR,BN,nan,
Sh 2-40,273.009100,-17.744500,SGR,BN,nan,
Sh 2-41,273.964300,-18.235300,SGR,BN,nan,
Sh 2-42,272.574200,-16.815400,SGR,BN,nan,
Sh 2-43,274.105300,-17.400500,SGR,BN,nan,
Sh 2-44,274.123200,-16.733600,SGR,BN,nan,
Sh 2-45,275.192200,-16.173300,SGR,BN,nan,
Sh 2-46,271.546400,-14.158500,SER,BN,nan,
Sh 2-47,274.436400,-15.613900,SER,BN,nan,
Sh 2-48,275.600500,-14.585900,SCT,BN,nan,
Sh 2-49,274.669200,-13.961500,SER,BN,nan,
Sh 2-50,276.376700,-14.711700,SCT,BN,nan,
Sh 2-51,280.194700,-16.558300,SGR,BN,nan,
Sh 2-52,296.945200,-23.087500,SGR,BN,nan,
Sh 2-53,276.311500,-13.228900,SCT,BN,nan,
Sh 2-54,274.471500,-11.730000,SER,BN,nan,
Sh 2-55,278.046300,-11.762100,SCT,BN,nan,
Sh 2-56,277.775900,-9.714600,SCT,BN,nan,
Sh 2-57,277.640000,-8.615900,SCT,BN,nan,
Sh 2-58,277.863500,-8.463700,SCT,BN,nan,
Sh 2-59,279.254800,-7.600300,SCT,BN,nan,
Sh 2-60,279.171000,-6.701000,SCT,BN,nan,
Sh 2-61,278.229700,-5.010000,SCT,BN,nan,
Sh 2-62,276.893500,-3.856200,SER,BN,nan,
Sh 2-63,299.429900,-14.115700,SGR,BN,nan,
Sh 2-64,277.899700,-1.913100,SER,BN,nan,
Sh 2-65,281.742200,-3.742900,AQL,BN,nan,
Sh 2-66,281.375500,-1.996400,AQL,BN,nan,
Sh 2-67,282.353900,-2.353700,AQL,BN,nan,
Sh 2-68,276.297900,0.854900,SER,BN,nan,
Sh 2-69,281.109100,-0.282200,AQL,BN,nan,
Sh 2-70,273.662200,7.063000,OPH,BN,nan,
Sh 2-71,285.511300,2.159700,AQL,BN,nan,
Sh 2-72,285.959900,2.313900,AQL,BN,nan,
Sh 2-73,242.781800,21.874000,HER,BN,nan,
Sh 2-74,287.204300,5.609000,AQL,BN,nan,
Sh 2-75,284.814100,7.120000,AQL,BN,nan,
Sh 2-76,284.107200,7.813400,AQL,BN,nan,
Sh 2-77,297.072000,1.147900,AQL,BN,nan,
Sh 2-78,285.796400,14.129600,AQL,BN,nan,
Sh 2-79,290.826800,13.976100,AQL,BN,nan,
Sh 2-80,287.870600,16.865700,SGE,BN,nan,
Sh 2-81,300.306200,11.792700,AQL,BN,nan,
Sh 2-82,292.586500,18.275600,SGE,BN,nan,
Sh 2-83,291.134000,20.795900,VUL,BN,nan,
Sh 2-84,297.266600,18.400300,SGE,BN,nan,
Sh 2-85,285.821800,25.830400,LYR,BN,nan,
Sh 2-86,295.790400,23.287600,VUL,BN,nan,
Sh 2-87,296.602900,24.628100,VUL,BN,nan,
Sh 2-88,296.495100,25.343900,VUL,BN,nan,
Sh 2-89,297.510000,26.486100,VUL,BN,nan,
Sh 2-90,297.305500,26.867700,VUL,BN,nan,
Sh 2-91,293.891800,29.604500,CYG,BN,nan,
Sh 2-92,296.663800,28.245500,VUL,BN,nan,
Sh 2-93,298.755100,27.213500,VUL,BN,nan,
Sh 2-94,291.965000,31.470600,CYG,BN,nan,
Sh 2-95,298.757200,29.296900,VUL,BN,nan,
Sh 2-96,292.175200,32.689200,CYG,BN,nan,
Sh 2-97,299.021900,30.265900,CYG,BN,nan,
Sh 2-98,299.685500,31.421600,CYG,BN,nan,
Sh 2-99,300.212600,33.492800,CYG,BN,nan,
Sh 2-100,300.463200,33.511600,CYG,BN,nan,
Sh 2-101,299.989700,35.291000,CYG,BN,nan,
Sh 2-102,307.946100,30.605200,CYG,BN,nan,
Sh 2-103,312.635300,30.923400,CYG,BN,nan,
Sh 2-104,304.438100,36.744500,CYG,BN,nan,
Sh 2-105,303.011600,38.349600,CYG,BN,nan,
Sh 2-106,306.865300,37.397100,CYG,BN,nan,
Sh 2-107,310.695100,36.342800,CYG,BN,nan,
Sh 2-108,305.647800,40.254300,CYG,BN,nan,
Sh 2-109,308.410300,40.342500,CYG,BN,nan,
Sh 2-110,320.203600,32.457900,CYG,BN,nan,
Sh 2-111,325.472100,30.105700,CYG,BN,nan,
Sh 2-112,308.459800,45.659800,CYG,BN,nan,
Sh 2-113,320.200700,38.091300,CYG,BN,nan,
Sh 2-114,320.295000,38.708600,CYG,BN,nan,
Sh 2-115,308.641700,46.877900,CYG,BN,nan,
Sh 2-116,308.080200,47.357000,CYG,BN,nan,
Sh 2-117,314.694000,44.321900,CYG,BN,nan,
Sh 2-118,324.254700,40.215700,CYG,BN,nan,
Sh 2-119,319.607500,43.937800,CYG,BN,nan,
Sh 2-120,315.946300,49.880700,CYG,BN,nan,
Sh 2-121,316.302900,49.649800,CYG,BN,nan,
Sh 2-122,347.197100,14.925000,PEG,BN,nan,
Sh 2-123,325.595000,44.540100,CYG,BN,nan,
Sh 2-124,324.590500,50.351300,CYG,BN,nan,
Sh 2-125,328.388200,47.271700,CYG,BN,nan,
Sh 2-126,338.364600,38.582200,LAC,BN,nan,
Sh 2-127,322.174600,54.620800,CYG,BN,nan,
Sh 2-128,323.036800,55.859300,CEP,BN,nan,
Sh 2-129,317.937200,59.961300,CEP,BN,nan,
Sh 2-130,310.748500,63.228500,CEP,BN,nan,
Sh 2-131,324.751300,57.485900,CEP,BN,nan,
Sh 2-132,334.698600,56.134800,CEP,BN,nan,
Sh 2-133,322.249800,64.305200,CEP,BN,nan,
Sh 2-134,332.874500,59.410300,CEP,BN,nan,
Sh 2-135,335.548500,58.738400,CEP,BN,nan,
Sh 2-136,319.123700,68.253200,CEP,BN,nan,
Sh 2-137,329.279800,64.693600,CEP,BN,nan,
Sh 2-138,338.164700,58.481800,CEP,BN,nan,
Sh 2-139,338.751600,58.217200,CEP,BN,nan,
Sh 2-140,334.782700,63.285400,CEP,BN,nan,
Sh 2-141,337.126900,61.644700,CEP,BN,nan,
Sh 2-142,341.898900,58.061000,CEP,BN,nan,
Sh 2-143,342.562100,57.713000,CEP,BN,nan,
Sh 2-144,341.217400,59.892300,CEP,BN,nan,
Sh 2-145,336.390100,64.308600,CEP,BN,nan,
Sh 2-146,342.359800,59.929100,CEP,BN,nan,
Sh 2-147,343.873700,58.466800,CEP,BN,nan,
Sh 2-148,344.050900,58.517300,CEP,BN,nan,
Sh 2-149,344.101500,58.534100,CEP,BN,nan,
Sh 2-150,337.799800,65.114000,CEP,BN,nan,
Sh 2-151,345.764000,57.071700,CAS,BN,nan,
Sh 2-152,344.657400,58.785600,CAS,BN,nan,
Sh 2-153,344.810200,58.736000,CAS,BN,nan,
Sh 2-154,342.852600,61.180600,CEP,BN,nan,
Sh 2-155,344.182400,62.617700,CEP,BN,nan,
Sh 2-156,346.294000,60.256400,CEP,BN,nan,
Sh 2-157,349.014900,60.045600,CAS,BN,nan,
Sh 2-158,348.418000,61.511100,CEP,BN,nan,
Sh 2-159,348.929800,61.145400,CAS,BN,nan,
Sh 2-160,346.448700,64.673500,CEP,BN,nan,
Sh 2-161,348.872800,61.862000,CAS,BN,nan,
Sh 2-162,350.175500,61.197700,CAS,BN,nan,
Sh 2-163,353.331700,60.785700,CAS,BN,nan,
Sh 2-164,354.606600,59.970400,CAS,BN,nan,
Sh 2-165,354.954500,61.937400,CAS,BN,nan,
Sh 2-166,355.543500,60.971300,CAS,BN,nan,
Sh 2-167,353.843600,64.852900,CEP,BN,nan,
Sh 2-168,358.265900,60.473000,CAS,BN,nan,
Sh 2-169,358.494900,60.373100,CAS,BN,nan,
Sh 2-170,0.426600,64.623400,CAS,BN,nan,
Sh 2-171,1.167700,67.156800,CEP,BN,nan,
Sh 2-172,3.887200,61.255900,CAS,BN,nan,
Sh 2-173,5.466200,61.738200,CAS,BN,nan,
Sh 2-174,356.705200,80.938900,CEP,BN,nan,
Sh 2-175,6.830100,64.703600,CAS,BN,nan,
Sh 2-176,7.913600,57.285700,CAS,BN,nan,
Sh 2-177,7.887800,62.469100,CAS,BN,nan,
Sh 2-178,334.734400,87.761600,UMI,BN,nan,
Sh 2-179,10.105800,62.866000,CAS,BN,nan,
Sh 2-180,12.194500,62.929000,CAS,BN,nan,
Sh 2-181,12.319500,65.212100,CAS,BN,nan,
Sh 2-182,12.569500,64.745000,CAS,BN,nan,
Sh 2-183,13.499200,65.709800,CAS,BN,nan,
Sh 2-184,13.211500,56.610300,CAS,BN,nan,
Sh 2-185,15.000100,60.989700,CAS,BN,nan,
Sh 2-186,17.213000,63.134100,CAS,BN,nan,
Sh 2-187,20.782400,61.856600,CAS,BN,nan,
Sh 2-188,22.664000,58.366800,CAS,BN,nan,
Sh 2-189,33.035600,64.171700,CAS,BN,nan,
Sh 2-190,38.346500,61.442300,CAS,BN,nan,
Sh 2-191,39.163900,59.637400,CAS,BN,nan,
Sh 2-192,41.809100,61.988000,CAS,BN,nan,
Sh 2-193,41.885600,62.004100,CAS,BN,nan,
Sh 2-194,41.833000,61.937800,CAS,BN,nan,
Sh 2-195,40.025200,59.648800,CAS,BN,nan,
Sh 2-196,42.830000,62.231500,CAS,BN,nan,
Sh 2-197,40.480900,59.646000,CAS,BN,nan,
Sh 2-198,42.507600,59.700000,CAS,BN,nan,
Sh 2-199,43.639900,60.409400,CAS,BN,nan,
Sh 2-200,47.687800,62.815500,CAS,BN,nan,
Sh 2-201,45.793200,60.478300,CAS,BN,nan,
Sh 2-202,49.714700,59.634000,CAM,BN,nan,
Sh 2-203,50.504300,54.877800,PER,BN,nan,
Sh 2-204,58.940200,57.428900,CAM,BN,nan,
Sh 2-205,59.034000,53.194400,CAM,BN,nan,
Sh 2-206,60.804500,51.329500,PER,BN,nan,
Sh 2-207,65.020700,53.143700,CAM,BN,nan,
Sh 2-208,64.941300,52.977700,CAM,BN,nan,
Sh 2-209,62.762500,51.162900,PER,BN,nan,
Sh 2-210,67.746200,52.552900,PER,BN,nan,
Sh 2-211,69.240800,50.939400,PER,BN,nan,
Sh 2-212,70.157300,50.381000,PER,BN,nan,
Sh 2-213,65.179000,44.924900,PER,BN,nan,
Sh 2-214,65.395400,44.372900,PER,BN,nan,
Sh 2-215,64.387300,42.614900,PER,BN,nan,
Sh 2-216,71.237600,46.820800,PER,BN,nan,
Sh 2-217,74.698000,48.005700,AUR,BN,nan,
Sh 2-218,85.319100,52.188400,AUR,BN,nan,
Sh 2-219,74.033400,47.395100,AUR,BN,nan,
Sh 2-220,60.159900,36.617300,PER,BN,nan,
Sh 2-221,75.416700,46.348800,AUR,BN,nan,
Sh 2-222,67.541000,35.270100,PER,BN,nan,
Sh 2-223,79.299600,42.211800,AUR,BN,nan,
Sh 2-224,81.817200,42.971200,AUR,BN,nan,
Sh 2-225,81.751600,40.621600,AUR,BN,nan,
Sh 2-226,77.778400,37.992600,AUR,BN,nan,
Sh 2-227,79.972000,38.955200,AUR,BN,nan,
Sh 2-228,78.396400,37.453400,AUR,BN,nan,
Sh 2-229,79.079100,34.463400,AUR,BN,nan,
Sh 2-230,80.626500,34.131900,AUR,BN,nan,
Sh 2-231,84.831500,35.925000,AUR,BN,nan,
Sh 2-232,85.611200,36.200800,AUR,BN,nan,
Sh 2-233,84.679500,35.793100,AUR,BN,nan,
Sh 2-234,82.032400,34.435100,AUR,BN,nan,
Sh 2-235,85.255800,35.854200,AUR,BN,nan,
Sh 2-236,80.641000,33.365100,AUR,BN,nan,
Sh 2-237,82.856000,34.277200,AUR,BN,nan,
Sh 2-238,65.458300,19.537700,TAU,BN,nan,
Sh 2-239,67.822500,18.116700,TAU,BN,nan,
Sh 2-240,85.251400,28.103700,TAU,BN,nan,
Sh 2-241,91.030500,30.247800,AUR,BN,nan,
Sh 2-242,87.964100,27.010700,TAU,BN,nan,
Sh 2-243,84.843800,23.290700,TAU,BN,nan,
Sh 2-244,83.628100,21.952400,TAU,BN,nan,
Sh 2-245,60.639400,4.128600,TAU,BN,nan,
Sh 2-246,75.540000,14.095700,ORI,BN,nan,
Sh 2-247,92.126400,21.620000,GEM,BN,nan,
Sh 2-248,94.161200,22.500300,GEM,BN,nan,
Sh 2-249,95.242600,23.089800,GEM,BN,nan,
Sh 2-250,70.047200,7.362800,TAU,BN,nan,
Sh 2-251,68.207600,5.862700,TAU,BN,nan,
Sh 2-252,92.413900,20.500400,ORI,BN,nan,
Sh 2-253,96.433000,20.028100,GEM,BN,nan,
Sh 2-254,93.087100,18.043800,ORI,BN,nan,
Sh 2-255,93.286300,17.975200,ORI,BN,nan,
Sh 2-256,93.161000,17.943100,ORI,BN,nan,
Sh 2-257,93.211400,17.975900,ORI,BN,nan,
Sh 2-258,93.385800,17.924200,ORI,BN,nan,
Sh 2-259,92.905700,17.445500,ORI,BN,nan,
Sh 2-260,73.782800,5.661700,ORI,BN,nan,
Sh 2-261,92.238300,15.801900,ORI,BN,nan,
Sh 2-262,76.688500,6.167900,ORI,BN,nan,
Sh 2-263,80.436200,8.399000,ORI,BN,nan,
Sh 2-264,83.802200,9.933400,ORI,BN,nan,
Sh 2-265,79.651600,7.439800,ORI,BN,nan,
Sh 2-266,94.707700,15.277900,ORI,BN,nan,
Sh 2-267,93.972300,14.268300,ORI,BN,nan,
Sh 2-268,92.562700,13.332000,ORI,BN,nan,
Sh 2-269,93.642700,13.821500,ORI,BN,nan,
Sh 2-270,92.557400,12.815300,ORI,BN,nan,
Sh 2-271,93.727700,12.353900,ORI,BN,nan,
Sh 2-272,93.752500,12.337000,ORI,BN,nan,
Sh 2-273,100.202100,9.908000,MON,BN,nan,
Sh 2-274,112.278800,13.261900,GEM,BN,nan,
Sh 2-275,97.928700,4.929600,MON,BN,nan,
Sh 2-276,81.867200,-3.965200,ORI,BN,nan,
Sh 2-277,85.181800,-2.447100,ORI,BN,nan,
Sh 2-278,79.951000,-5.663600,ORI,BN,nan,
Sh 2-279,83.834000,-4.800900,ORI,BN,nan,
Sh 2-280,98.580600,2.539900,MON,BN,nan,
Messier 43,83.727500,-5.466600,ORI,BN,9.00,Sh 2-281
Sh 2-282,99.495700,1.514400,MON,BN,nan,
Sh 2-283,99.663000,0.712700,MON,BN,nan,
Sh 2-284,101.258400,0.230700,MON,BN,nan,
Sh 2-285,103.801500,-0.510100,MON,BN,nan,
Sh 2-286,103.638500,-4.508800,MON,BN,nan,
Sh 2-287,104.886000,-4.803900,MON,BN,nan,
Sh 2-288,107.141200,-4.308300,MON,BN,nan,
Sh 2-289,101.485800,-7.338400,MON,BN,nan,
Sh 2-290,133.546200,8.921100,CNC,BN,nan,
Sh 2-291,103.854900,-8.027700,MON,BN,nan,
Sh 2-292,106.107500,-10.449000,MON,BN,nan,
Sh 2-293,105.448800,-11.309500,CMA,BN,nan,
Sh 2-294,109.143800,-9.443800,MON,BN,nan,
Sh 2-295,105.672400,-11.461600,CMA,BN,nan,
Sh 2-296,106.450200,-11.218900,CMA,BN,nan,
Sh 2-297,106.314300,-12.334300,CMA,BN,nan,
Sh 2-298,109.658200,-13.198700,CMA,BN,nan,
Sh 2-299,112.665700,-15.292800,PUP,BN,nan,
Sh 2-300,112.764600,-15.410400,PUP,BN,nan,
Sh 2-301,107.453500,-18.478600,CMA,BN,nan,
Sh 2-302,112.924500,-16.978500,PUP,BN,nan,
Sh 2-303,103.507500,-22.425100,CMA,BN,nan,
Sh 2-304,100.860900,-24.133300,CMA,BN,nan,
Sh 2-305,112.533700,-18.525100,PUP,BN,nan,
Sh 2-306,112.653000,-19.109500,PUP,BN,nan,
Sh 2-307,113.883200,-18.753900,PUP,BN,nan,
Sh 2-308,103.540500,-23.942100,CMA,BN,nan,
Sh 2-309,113.025300,-19.429500,PUP,BN,nan,
Sh 2-310,108.264000,-24.586400,CMA,BN,nan,
Sh 2-311,118.086600,-26.441100,PUP,BN,nan,
Sh 2-312,134.790500,-25.688600,PYX,BN,nan,
Sh 2-313,193.381800,-22.859900,HYA,BN,nan,
